C Year,C Month,Product Name,Unit Price,Order Quantity,Line Total,Fact Sales Count
2011,10,AWC Logo Cap,3062.1,1180,6121.25,590
2011,10,"HL Mountain Frame - Black, 42",210836.5,1180,843351.9,295
2011,10,"HL Mountain Frame - Silver, 38",213164.05,590,426331.05,295
2011,10,"HL Mountain Frame - Silver, 48",241516.5,590,483033,295
2011,10,"LL Road Frame - Black, 52",52681.1,885,158043.3,295
2011,10,"LL Road Frame - Black, 58",52681.1,295,52681.1,295
2011,10,"LL Road Frame - Red, 44",108524.6,1770,325567.9,590
2011,10,"LL Road Frame - Red, 48",108524.6,885,162786.9,590
2011,10,"LL Road Frame - Red, 60",108524.6,885,162786.9,590
2011,10,"LL Road Frame - Red, 62",108524.6,1475,271308.55,590
2011,10,"Long-Sleeve Logo Jersey, L",17015.6,2065,59554.6,590
2011,10,"Long-Sleeve Logo Jersey, M",8507.8,590,17015.6,295
2011,10,"Long-Sleeve Logo Jersey, XL",17015.6,1180,34031.2,590
2011,10,"ML Road Frame - Red, 48",105285.5,1180,421139.05,295
2011,10,"Mountain Bike Socks, L",1681.5,885,5044.5,295
2011,10,"Mountain Bike Socks, M",1681.5,1770,10089,295
2011,10,"Mountain-100 Black, 38",597372.05,1180,2389494.1,295
2011,10,"Mountain-100 Black, 44",597372.05,1180,2389494.1,295
2011,10,"Mountain-100 Black, 48",597372.05,1180,2389494.1,295
2011,10,"Mountain-100 Silver, 38",601797.05,590,1203597.05,295
2011,10,"Mountain-100 Silver, 42",601797.05,1475,3008991.15,295
2011,10,"Mountain-100 Silver, 44",601797.05,1770,3610788.2,295
2011,10,"Mountain-100 Silver, 48",601797.05,1475,3008991.15,295
2011,10,"Road-150 Red, 44",1266706.4,1180,2533415.75,590
2011,10,"Road-150 Red, 48",1266706.4,1180,2533412.8,590
2011,10,"Road-150 Red, 52",1266706.4,1180,2533415.75,590
2011,10,"Road-150 Red, 56",633353.2,1180,2533415.75,295
2011,10,"Road-150 Red, 62",1266706.4,1770,3800125.1,590
2011,10,"Road-450 Red, 44",516126.1,590,516126.1,590
2011,10,"Road-450 Red, 48",516126.1,2065,1806450.2,590
2011,10,"Road-450 Red, 52",774189.15,2360,2064513.25,885
2011,10,"Road-450 Red, 58",774189.15,885,774189.15,885
2011,10,"Road-450 Red, 60",516126.1,1475,1290321.15,590
2011,10,"Road-650 Black, 44",123740.7,885,371222.1,295
2011,10,"Road-650 Black, 48",247481.4,590,247481.4,590
2011,10,"Road-650 Black, 52",123740.7,295,123740.7,295
2011,10,"Road-650 Black, 58",123740.7,295,123740.7,295
2011,10,"Road-650 Black, 60",247481.4,590,247481.4,590
2011,10,"Road-650 Black, 62",247481.4,1180,494962.8,590
2011,10,"Road-650 Red, 44",247481.4,1475,618703.5,590
2011,10,"Road-650 Red, 48",247481.4,1180,494962.8,590
2011,10,"Road-650 Red, 52",247481.4,1180,494962.8,590
2011,10,"Road-650 Red, 58",123740.7,1180,494962.8,295
2011,10,"Road-650 Red, 60",247481.4,1770,742444.2,590
2011,10,"Road-650 Red, 62",247481.4,590,247481.4,590
2011,10,"Sport-100 Helmet, Black",11912.1,2065,41683.5,590
2011,10,"Sport-100 Helmet, Blue",11912.1,1180,23821.25,590
2011,10,"Sport-100 Helmet, Red",11912.1,2950,59551.65,590
2011,7,AWC Logo Cap,1531.05,1180,6121.25,295
2011,7,"LL Road Frame - Black, 52",105362.2,885,158043.3,590
2011,7,"LL Road Frame - Red, 44",108524.6,1180,217049.2,590
2011,7,"LL Road Frame - Red, 60",108524.6,1180,217046.25,590
2011,7,"Long-Sleeve Logo Jersey, L",8507.8,1770,51046.8,295
2011,7,"ML Road Frame - Red, 48",105285.5,295,105285.5,295
2011,7,"Road-150 Red, 56",1266706.4,1180,2533412.8,590
2011,7,"Road-450 Red, 44",258063.05,295,258063.05,295
2011,7,"Road-450 Red, 52",516126.1,2360,2064513.25,590
2011,7,"Road-450 Red, 58",258063.05,1475,1290321.15,295
2011,7,"Road-450 Red, 60",258063.05,295,258063.05,295
2011,7,"Road-650 Black, 52",123740.7,590,247481.4,295
2011,7,"Road-650 Black, 58",123740.7,885,371222.1,295
2011,7,"Road-650 Red, 44",247481.4,1180,494962.8,590
2011,7,"Road-650 Red, 48",247481.4,2065,866184.9,590
2011,7,"Road-650 Red, 60",123740.7,295,123740.7,295
2011,7,"Road-650 Red, 62",247481.4,885,371222.1,590
2011,7,"Sport-100 Helmet, Blue",5956.05,885,17865.2,295
2011,8,"Long-Sleeve Logo Jersey, L",8507.8,885,25523.4,295
2011,8,"Road-450 Red, 52",258063.05,590,516129.05,295
2011,8,"Road-650 Black, 52",123740.7,295,123740.7,295
2011,8,"Road-650 Red, 44",123740.7,295,123740.7,295
2011,8,"Road-650 Red, 48",123740.7,295,123740.7,295
2011,8,"Road-650 Red, 60",123740.7,590,247481.4,295
2012,1,AWC Logo Cap,1531.05,1475,7649.35,295
2012,1,"Long-Sleeve Logo Jersey, L",17015.6,2065,59554.6,590
2012,1,"Mountain-100 Black, 38",597372.05,2655,5376360.25,295
2012,1,"Mountain-100 Black, 42",597372.05,1180,2389494.1,295
2012,1,"Mountain-100 Black, 44",597372.05,1475,2986866.15,295
2012,1,"Mountain-100 Black, 48",597372.05,2065,4181613.2,295
2012,1,"Mountain-100 Silver, 38",601797.05,590,1203597.05,295
2012,1,"Mountain-100 Silver, 42",601797.05,1180,2407194.1,295
2012,1,"Mountain-100 Silver, 44",601797.05,590,1203597.05,295
2012,1,"Road-150 Red, 44",1266706.4,2065,4433475.35,590
2012,1,"Road-150 Red, 48",1266706.4,2655,5700184.7,590
2012,1,"Road-150 Red, 52",1266706.4,590,1266706.4,590
2012,1,"Road-150 Red, 56",1266706.4,885,1900059.6,590
2012,1,"Road-150 Red, 62",1266706.4,1475,3166768.95,590
2012,1,"Road-450 Red, 44",258063.05,590,516129.05,295
2012,1,"Road-450 Red, 48",516126.1,1475,1290321.15,590
2012,1,"Road-450 Red, 52",774189.15,2655,2322579.25,885
2012,1,"Road-450 Red, 58",774189.15,885,774189.15,885
2012,1,"Road-450 Red, 60",258063.05,295,258063.05,295
2012,1,"Road-650 Black, 44",247481.4,1180,494962.8,590
2012,1,"Road-650 Black, 48",247481.4,1475,618703.5,590
2012,1,"Road-650 Black, 52",371222.1,1475,618703.5,885
2012,1,"Road-650 Black, 58",371222.1,2065,866184.9,885
2012,1,"Road-650 Black, 60",123740.7,1180,494962.8,295
2012,1,"Road-650 Black, 62",123740.7,590,247481.4,295
2012,1,"Road-650 Red, 44",371222.1,1180,494962.8,885
2012,1,"Road-650 Red, 48",247481.4,885,371222.1,590
2012,1,"Road-650 Red, 58",247481.4,885,371222.1,590
2012,1,"Road-650 Red, 60",494962.8,1475,618703.5,1180
2012,1,"Road-650 Red, 62",123740.7,590,247481.4,295
2012,1,"Sport-100 Helmet, Blue",5956.05,295,5956.05,295
2012,10,"Full-Finger Gloves, L",6723.05,885,20172.1,295
2012,10,"Full-Finger Gloves, M",6723.05,590,13449.05,295
2012,10,"Full-Finger Gloves, S",6723.05,295,6723.05,295
2012,10,HL Road Front Wheel,58421.8,295,58421.8,295
2012,10,"Mountain-200 Black, 38",362690.7,295,362690.7,295
2012,10,"Mountain-200 Black, 42",362690.7,295,362690.7,295
2012,12,HL Mountain Rear Wheel,57917.35,885,173752.05,295
2012,12,LL Road Rear Wheel,19924.3,885,59772.9,295
2012,12,"Men's Bib-Shorts, M",15927.05,885,47784.1,295
2012,12,"ML Mountain Frame - Black, 38",61731.7,1770,370384.3,295
2012,12,"ML Mountain Frame - Black, 48",61731.7,1180,246920.9,295
2012,12,ML Mountain Handlebars,9962.15,885,29889.4,295
2012,12,ML Mountain Rear Wheel,41777.9,590,83552.85,295
2012,12,"Mountain-200 Black, 38",362690.7,2655,3264213.35,295
2012,12,"Mountain-200 Black, 42",362690.7,1770,2176141.25,295
2012,12,"Mountain-200 Black, 46",362690.7,1180,1450762.8,295
2012,12,"Mountain-200 Silver, 38",366640.75,885,1099925.2,295
2012,12,"Mountain-200 Silver, 42",366640.75,885,1099925.2,295
2012,12,"Mountain-200 Silver, 46",366640.75,1180,1466565.95,295
2012,12,"Mountain-300 Black, 38",69529.29,1221,749530.83,111
2012,12,"Mountain-300 Black, 40",69529.29,1443,885808.86,111
2012,12,"Mountain-300 Black, 44",191157.05,2065,1338108.2,295
2012,12,"Mountain-300 Black, 48",69529.29,1443,885808.86,111
2012,12,"Road-250 Black, 44",386137.3,295,386137.3,295
2012,12,"Road-250 Black, 48",386137.3,590,772274.6,295
2012,12,"Road-250 Black, 52",772274.6,885,1158411.9,590
2012,12,"Road-250 Black, 58",386137.3,590,772274.6,295
2012,12,"Road-250 Red, 44",432472.95,1475,2162364.75,295
2012,12,"Road-250 Red, 48",432472.95,885,1297418.85,295
2012,12,"Road-250 Red, 52",432472.95,295,432472.95,295
2012,12,"Road-250 Red, 58",386137.3,590,772274.6,295
2012,12,"Road-550-W Yellow, 38",177076.7,885,531233.05,295
2012,12,"Road-550-W Yellow, 40",177076.7,295,177076.7,295
2012,12,"Road-550-W Yellow, 42",177076.7,295,177076.7,295
2012,12,"Road-550-W Yellow, 44",177076.7,1180,708309.75,295
2012,12,"Road-550-W Yellow, 48",177076.7,295,177076.7,295
2012,12,"Road-650 Black, 48",138588.05,885,415767.1,295
2012,12,"Road-650 Black, 52",277176.1,1475,692946.15,590
2012,12,"Road-650 Black, 58",138588.05,1180,554358.1,295
2012,12,"Road-650 Black, 60",138588.05,295,138588.05,295
2012,12,"Road-650 Black, 62",138588.05,295,138588.05,295
2012,12,"Road-650 Red, 44",277176.1,885,415767.1,590
2012,12,"Road-650 Red, 48",138588.05,1180,554358.1,295
2012,12,"Road-650 Red, 52",138588.05,590,277179.05,295
2012,12,"Road-650 Red, 58",138588.05,295,138588.05,295
2012,12,"Road-650 Red, 60",138588.05,590,277179.05,295
2012,12,"Road-650 Red, 62",277176.1,1475,692946.15,590
2012,3,AWC Logo Cap,3062.1,1770,9180.4,590
2012,3,"HL Mountain Frame - Black, 42",210836.5,590,421675.95,295
2012,3,"HL Mountain Frame - Silver, 38",213164.05,295,213164.05,295
2012,3,"LL Road Frame - Black, 52",105362.2,590,105362.2,590
2012,3,"LL Road Frame - Black, 58",52681.1,295,52681.1,295
2012,3,"LL Road Frame - Red, 44",54262.3,590,108524.6,295
2012,3,"LL Road Frame - Red, 48",108524.6,885,162786.9,590
2012,3,"LL Road Frame - Red, 60",108524.6,1180,217046.25,590
2012,3,"LL Road Frame - Red, 62",54262.3,295,54262.3,295
2012,3,"Long-Sleeve Logo Jersey, L",17015.6,1770,51046.8,590
2012,3,"Long-Sleeve Logo Jersey, M",17015.6,1770,51046.8,590
2012,3,"Long-Sleeve Logo Jersey, XL",8507.8,1180,34031.2,295
2012,3,"ML Road Frame - Red, 48",210571,1180,421142,590
2012,3,"Mountain Bike Socks, M",1681.5,2065,11770.5,295
2012,3,"Mountain-100 Black, 42",597372.05,590,1194747.05,295
2012,3,"Mountain-100 Black, 48",597372.05,1180,2389494.1,295
2012,3,"Mountain-100 Silver, 38",601797.05,590,1203597.05,295
2012,3,"Mountain-100 Silver, 42",601797.05,590,1203597.05,295
2012,3,"Mountain-100 Silver, 44",601797.05,1180,2407194.1,295
2012,3,"Road-150 Red, 44",1266706.4,1475,3166768.95,590
2012,3,"Road-150 Red, 48",633353.2,295,633353.2,295
2012,3,"Road-150 Red, 52",1266706.4,885,1900059.6,590
2012,3,"Road-150 Red, 56",1266706.4,1770,3800122.15,590
2012,3,"Road-150 Red, 62",1266706.4,1180,2533415.75,590
2012,3,"Road-450 Red, 44",516126.1,1475,1290321.15,590
2012,3,"Road-450 Red, 48",516126.1,1770,1548384.2,590
2012,3,"Road-450 Red, 52",774189.15,1475,1290318.2,885
2012,3,"Road-450 Red, 58",258063.05,295,258063.05,295
2012,3,"Road-450 Red, 60",516126.1,1180,1032258.1,590
2012,3,"Road-650 Black, 44",123740.7,885,371222.1,295
2012,3,"Road-650 Black, 48",247481.4,1475,618703.5,590
2012,3,"Road-650 Black, 52",247481.4,885,371222.1,590
2012,3,"Road-650 Black, 58",123740.7,295,123740.7,295
2012,3,"Road-650 Black, 60",247481.4,1770,742444.2,590
2012,3,"Road-650 Black, 62",123740.7,1180,494962.8,295
2012,3,"Road-650 Red, 44",247481.4,1180,494962.8,590
2012,3,"Road-650 Red, 48",123740.7,885,371222.1,295
2012,3,"Road-650 Red, 52",247481.4,1475,618703.5,590
2012,3,"Road-650 Red, 58",247481.4,1475,618703.5,590
2012,3,"Road-650 Red, 60",371222.1,2360,989925.6,885
2012,3,"Road-650 Red, 62",123740.7,590,247481.4,295
2012,3,"Sport-100 Helmet, Black",11912.1,2360,47642.5,590
2012,3,"Sport-100 Helmet, Blue",11912.1,2065,41686.45,590
2012,3,"Sport-100 Helmet, Red",11912.1,2065,41683.5,590
2012,4,"Road-450 Red, 58",258063.05,590,516129.05,295
2012,4,"Road-650 Black, 52",123740.7,590,247481.4,295
2012,4,"Road-650 Black, 62",123740.7,295,123740.7,295
2012,4,"Road-650 Red, 44",123740.7,295,123740.7,295
2012,4,"Road-650 Red, 62",123740.7,295,123740.7,295
2012,6,AWC Logo Cap,1531.05,295,1531.05,295
2012,6,"Full-Finger Gloves, L",1148.95,880,17468,55
2012,6,"Full-Finger Gloves, M",6723.05,1475,33621.15,295
2012,6,"Full-Finger Gloves, S",6723.05,1180,26898.1,295
2012,6,"HL Mountain Frame - Black, 42",217164.25,590,434325.55,295
2012,6,"HL Mountain Frame - Silver, 38",219559.65,295,219559.65,295
2012,6,"HL Mountain Frame - Silver, 42",219559.65,590,439122.25,295
2012,6,HL Mountain Front Wheel,53138.35,2065,371965.5,295
2012,6,HL Mountain Handlebars,19352,295,19352,295
2012,6,HL Mountain Rear Wheel,57917.35,1770,347501.15,295
2012,6,"HL Road Frame - Black, 44",230341.9,590,460683.8,295
2012,6,"HL Road Frame - Red, 44",230341.9,590,460683.8,295
2012,6,"HL Road Frame - Red, 62",230341.9,590,460683.8,295
2012,6,HL Road Front Wheel,58421.8,295,58421.8,295
2012,6,HL Road Handlebars,19352,590,38704,295
2012,6,LL Mountain Front Wheel,10752.75,590,21502.55,295
2012,6,LL Mountain Handlebars,7165.55,2065,50167.7,295
2012,6,"LL Road Frame - Black, 52",54262.3,295,54262.3,295
2012,6,"LL Road Frame - Black, 58",54262.3,1475,271308.55,295
2012,6,"LL Road Frame - Red, 44",119374.7,1180,238749.4,590
2012,6,"LL Road Frame - Red, 48",59687.35,885,179065,295
2012,6,"LL Road Frame - Red, 60",59687.35,295,59687.35,295
2012,6,"LL Road Frame - Red, 62",59687.35,885,179065,295
2012,6,LL Road Handlebars,7165.55,295,7165.55,295
2012,6,LL Road Rear Wheel,39848.6,1475,99621.5,590
2012,6,"Long-Sleeve Logo Jersey, L",8507.8,590,17015.6,295
2012,6,"Men's Bib-Shorts, L",15927.05,295,15927.05,295
2012,6,"Men's Bib-Shorts, M",15927.05,590,31857.05,295
2012,6,"Men's Bib-Shorts, S",15927.05,295,15927.05,295
2012,6,"ML Mountain Frame - Black, 38",61731.7,1180,246920.9,295
2012,6,"ML Mountain Frame - Black, 44",61731.7,885,185192.15,295
2012,6,"ML Mountain Frame - Black, 48",61731.7,590,123460.45,295
2012,6,ML Mountain Front Wheel,36998.9,1180,147989.7,295
2012,6,ML Mountain Handlebars,9962.15,1180,39854.5,295
2012,6,ML Mountain Rear Wheel,41777.9,1180,167105.7,295
2012,6,"ML Road Frame-W - Yellow, 38",95712.75,295,95712.75,295
2012,6,"ML Road Frame-W - Yellow, 44",191425.5,590,191425.5,590
2012,6,"ML Road Frame-W - Yellow, 48",95712.75,590,191428.45,295
2012,6,ML Road Front Wheel,43963.85,295,43963.85,295
2012,6,"Mountain-200 Black, 38",362690.7,2655,3264213.35,295
2012,6,"Mountain-200 Black, 42",362690.7,2065,2538831.95,295
2012,6,"Mountain-200 Black, 46",362690.7,295,362690.7,295
2012,6,"Mountain-200 Silver, 38",366640.75,1770,2199847.45,295
2012,6,"Mountain-200 Silver, 42",366640.75,2950,3666413.4,295
2012,6,"Mountain-200 Silver, 46",133357.62,1332,1568290.14,111
2012,6,"Mountain-300 Black, 38",191157.05,2065,1338108.2,295
2012,6,"Mountain-300 Black, 40",191157.05,1770,1146948.2,295
2012,6,"Mountain-300 Black, 44",191157.05,885,573474.1,295
2012,6,"Mountain-300 Black, 48",191157.05,885,573474.1,295
2012,6,"Road-250 Black, 44",386137.3,1180,1544546.25,295
2012,6,"Road-250 Black, 48",386137.3,1770,2316820.85,295
2012,6,"Road-250 Black, 52",386137.3,885,1158408.95,295
2012,6,"Road-250 Black, 58",386137.3,295,386137.3,295
2012,6,"Road-250 Red, 44",432472.95,590,864945.9,295
2012,6,"Road-250 Red, 48",432472.95,295,432472.95,295
2012,6,"Road-250 Red, 52",432472.95,590,864945.9,295
2012,6,"Road-250 Red, 58",386137.3,885,1158408.95,295
2012,6,"Road-550-W Yellow, 38",177076.7,590,354156.35,295
2012,6,"Road-550-W Yellow, 40",177076.7,1475,885386.45,295
2012,6,"Road-550-W Yellow, 42",177076.7,1180,708309.75,295
2012,6,"Road-550-W Yellow, 48",177076.7,885,531233.05,295
2012,6,"Road-650 Black, 44",138588.05,295,138588.05,295
2012,6,"Road-650 Black, 48",138588.05,885,415767.1,295
2012,6,"Road-650 Black, 52",277176.1,2360,1108713.25,590
2012,6,"Road-650 Black, 58",138588.05,885,415767.1,295
2012,6,"Road-650 Black, 60",138588.05,295,138588.05,295
2012,6,"Road-650 Black, 62",138588.05,295,138588.05,295
2012,6,"Road-650 Red, 44",469.8,4,657.71,2
2012,6,"Road-650 Red, 48",138588.05,590,277179.05,295
2012,6,"Road-650 Red, 58",138588.05,885,415767.1,295
2012,6,"Road-650 Red, 60",415764.15,1180,554355.15,885
2012,6,"Road-650 Red, 62",138588.05,590,277179.05,295
2012,6,"Sport-100 Helmet, Black",5956.05,590,11909.15,295
2012,6,"Sport-100 Helmet, Blue",5956.05,590,11909.15,295
2012,6,"Women's Tights, L",13272.05,1475,66366.15,295
2012,6,"Women's Tights, S",13272.05,590,26547.05,295
2012,7,"Full-Finger Gloves, L",6723.05,885,20172.1,295
2012,7,"Full-Finger Gloves, M",6723.05,590,13449.05,295
2012,7,HL Mountain Rear Wheel,57917.35,295,57917.35,295
2012,7,LL Mountain Front Wheel,10752.75,885,32255.3,295
2012,7,"ML Mountain Frame - Black, 48",61731.7,590,123460.45,295
2012,7,ML Mountain Handlebars,9962.15,295,9962.15,295
2012,7,ML Mountain Rear Wheel,41777.9,295,41777.9,295
2012,7,"Mountain-200 Black, 38",362690.7,590,725381.4,295
2012,7,"Mountain-200 Black, 42",362690.7,590,725381.4,295
2012,7,"Mountain-200 Silver, 46",366640.75,885,1099925.2,295
2012,7,"Sport-100 Helmet, Red",5956.05,295,5956.05,295
2012,9,"Full-Finger Gloves, L",1148.95,1045,20743.25,55
2012,9,"Full-Finger Gloves, M",6723.05,2360,53793.25,295
2012,9,"Full-Finger Gloves, S",6723.05,1180,26898.1,295
2012,9,"HL Mountain Frame - Black, 42",217164.25,590,434325.55,295
2012,9,"HL Mountain Frame - Silver, 38",219559.65,1475,1097801.2,295
2012,9,HL Mountain Front Wheel,53138.35,590,106276.7,295
2012,9,HL Mountain Handlebars,19352,885,58058.95,295
2012,9,HL Mountain Rear Wheel,57917.35,885,173752.05,295
2012,9,HL Road Front Wheel,58421.8,590,116840.65,295
2012,9,LL Mountain Front Wheel,10752.75,1180,43008.05,295
2012,9,LL Mountain Rear Wheel,15531.75,590,31060.55,295
2012,9,"LL Road Frame - Black, 52",54262.3,590,108524.6,295
2012,9,"LL Road Frame - Black, 58",54262.3,295,54262.3,295
2012,9,"LL Road Frame - Red, 44",59687.35,295,59687.35,295
2012,9,"LL Road Frame - Red, 48",59687.35,1475,298439.7,295
2012,9,"LL Road Frame - Red, 60",59687.35,1180,238752.35,295
2012,9,"LL Road Frame - Red, 62",59687.35,885,179065,295
2012,9,LL Road Rear Wheel,19924.3,590,39848.6,295
2012,9,"ML Mountain Frame - Black, 38",61731.7,2065,432113.05,295
2012,9,"ML Mountain Frame - Black, 44",61731.7,590,123460.45,295
2012,9,"ML Mountain Frame - Black, 48",61731.7,1770,370384.3,295
2012,9,ML Mountain Front Wheel,36998.9,590,73994.85,295
2012,9,ML Mountain Handlebars,9962.15,590,19927.25,295
2012,9,ML Mountain Rear Wheel,41777.9,590,83552.85,295
2012,9,"ML Road Frame-W - Yellow, 44",95712.75,590,191428.45,295
2012,9,"ML Road Frame-W - Yellow, 48",95712.75,885,287141.2,295
2012,9,ML Road Front Wheel,43963.85,590,87927.7,295
2012,9,"Mountain-200 Black, 38",362690.7,1770,2176141.25,295
2012,9,"Mountain-200 Black, 42",362690.7,1770,2176141.25,295
2012,9,"Mountain-200 Black, 46",362690.7,2950,3626904.05,295
2012,9,"Mountain-200 Silver, 38",366640.75,2360,2933128.95,295
2012,9,"Mountain-200 Silver, 42",366640.75,590,733281.5,295
2012,9,"Mountain-200 Silver, 46",366640.75,1475,1833206.7,295
2012,9,"Mountain-300 Black, 38",191157.05,2655,1720425.25,295
2012,9,"Mountain-300 Black, 40",191157.05,1475,955791.15,295
2012,9,"Mountain-300 Black, 44",191157.05,885,573474.1,295
2012,9,"Mountain-300 Black, 48",191157.05,2065,1338108.2,295
2012,9,"Road-250 Black, 44",386137.3,590,772274.6,295
2012,9,"Road-250 Black, 48",386137.3,885,1158408.95,295
2012,9,"Road-250 Black, 52",386137.3,295,386137.3,295
2012,9,"Road-250 Black, 58",386137.3,885,1158408.95,295
2012,9,"Road-250 Red, 44",432472.95,1180,1729891.8,295
2012,9,"Road-250 Red, 48",432472.95,885,1297418.85,295
2012,9,"Road-250 Red, 52",432472.95,885,1297418.85,295
2012,9,"Road-550-W Yellow, 38",177076.7,590,354156.35,295
2012,9,"Road-550-W Yellow, 42",177076.7,885,531233.05,295
2012,9,"Road-550-W Yellow, 48",177076.7,590,354156.35,295
2012,9,"Road-650 Black, 44",138588.05,295,138588.05,295
2012,9,"Road-650 Black, 48",138588.05,295,138588.05,295
2012,9,"Road-650 Black, 52",277176.1,1475,692946.15,590
2012,9,"Road-650 Black, 58",138588.05,295,138588.05,295
2012,9,"Road-650 Black, 60",138588.05,295,138588.05,295
2012,9,"Road-650 Black, 62",138588.05,1180,554358.1,295
2012,9,"Road-650 Red, 44",138588.05,885,415767.1,295
2012,9,"Road-650 Red, 48",138588.05,885,415767.1,295
2012,9,"Road-650 Red, 52",138588.05,1475,692946.15,295
2012,9,"Road-650 Red, 58",138588.05,590,277179.05,295
2012,9,"Road-650 Red, 60",277176.1,885,415767.1,590
2012,9,"Road-650 Red, 62",138588.05,590,277179.05,295
2013,1,"Full-Finger Gloves, L",6723.05,1770,40344.2,295
2013,1,"Full-Finger Gloves, M",6723.05,295,6723.05,295
2013,1,"Full-Finger Gloves, S",6723.05,295,6723.05,295
2013,10,AWC Logo Cap,3180.1,1770,9549.15,590
2013,10,Bike Wash - Dissolver,2814.3,2950,14071.5,590
2013,10,"Classic Vest, M",22479,2065,78676.5,590
2013,10,"Classic Vest, S",8176.26,2442,88140.66,222
2013,10,Front Brakes,18850.5,590,37701,295
2013,10,"Half-Finger Gloves, M",8667.1,2065,30343.7,590
2013,10,"Half-Finger Gloves, S",4333.55,885,13003.6,295
2013,10,Hitch Rack - 4-Bike,42480,2950,212400,590
2013,10,HL Bottom Bracket,21502.55,590,43008.05,295
2013,10,"HL Mountain Frame - Black, 42",238879.2,295,238879.2,295
2013,10,"HL Mountain Frame - Silver, 38",241516.5,590,483033,295
2013,10,HL Mountain Pedal,14334.05,295,14334.05,295
2013,10,HL Mountain Seat/Saddle,9316.1,295,9316.1,295
2013,10,"HL Touring Frame - Blue, 46",177693.25,295,177693.25,295
2013,10,"HL Touring Frame - Blue, 50",177693.25,590,355383.55,295
2013,10,"HL Touring Frame - Blue, 54",355386.5,2065,1243843.9,590
2013,10,"HL Touring Frame - Blue, 60",177693.25,2360,1421537.15,295
2013,10,"HL Touring Frame - Yellow, 54",533079.75,3540,2132304.25,885
2013,10,"HL Touring Frame - Yellow, 60",177693.25,1475,888460.35,295
2013,10,HL Touring Handlebars,48621.9,885,48621.9,885
2013,10,HL Touring Seat/Saddle,9316.1,1180,37270.3,295
2013,10,Hydration Pack - 70 oz.,19464.1,2950,97332.3,590
2013,10,LL Bottom Bracket,9555.05,295,9555.05,295
2013,10,LL Crankset,62121.1,590,62121.1,590
2013,10,"LL Mountain Frame - Black, 44",44211.65,885,132637.9,295
2013,10,"LL Mountain Frame - Black, 48",44211.65,295,44211.65,295
2013,10,"LL Mountain Frame - Silver, 42",46736.85,885,140210.55,295
2013,10,"LL Mountain Frame - Silver, 44",46736.85,1180,186947.4,295
2013,10,LL Mountain Pedal,7165.55,590,14334.05,295
2013,10,LL Mountain Seat/Saddle,4799.65,885,14401.9,295
2013,10,"LL Touring Frame - Blue, 54",59014.75,590,118029.5,295
2013,10,"LL Touring Frame - Yellow, 44",59014.75,885,177047.2,295
2013,10,"Long-Sleeve Logo Jersey, L",17694.1,3540,106179.35,590
2013,10,"Long-Sleeve Logo Jersey, M",8847.05,885,26544.1,295
2013,10,"ML Mountain Frame-W - Silver, 40",64442.75,295,64442.75,295
2013,10,"ML Mountain Frame-W - Silver, 42",64442.75,885,193331.2,295
2013,10,ML Mountain Pedal,10988.75,295,10988.75,295
2013,10,"Mountain-200 Black, 38",812424.1,1770,2437281.15,590
2013,10,"Mountain-200 Black, 42",406212.05,1475,2031066.15,295
2013,10,"Mountain-200 Black, 46",406212.05,1770,2437278.2,295
2013,10,"Mountain-200 Silver, 38",410637.05,1180,1642554.1,295
2013,10,"Mountain-200 Silver, 42",410637.05,295,410637.05,295
2013,10,"Mountain-200 Silver, 46",410637.05,295,410637.05,295
2013,10,"Mountain-400-W Silver, 38",136198.55,295,136198.55,295
2013,10,"Mountain-400-W Silver, 40",136198.55,295,136198.55,295
2013,10,"Mountain-400-W Silver, 42",136198.55,885,408598.6,295
2013,10,"Mountain-500 Black, 40",95577.05,295,95577.05,295
2013,10,"Mountain-500 Black, 42",95577.05,590,191157.05,295
2013,10,"Mountain-500 Black, 44",95577.05,885,286734.1,295
2013,10,"Mountain-500 Black, 48",95577.05,885,286734.1,295
2013,10,"Mountain-500 Silver, 42",100002.05,295,100002.05,295
2013,10,"Mountain-500 Silver, 44",100002.05,295,100002.05,295
2013,10,"Mountain-500 Silver, 48",100002.05,590,200007.05,295
2013,10,"Mountain-500 Silver, 52",100002.05,295,100002.05,295
2013,10,Rear Brakes,37701,1180,75402,590
2013,10,Rear Derailleur,21499.6,590,42996.25,295
2013,10,"Road-750 Black, 52",95577.05,295,95577.05,295
2013,10,"Short-Sleeve Classic Jersey, L",19110.1,3540,114675.35,590
2013,10,"Short-Sleeve Classic Jersey, S",19110.1,885,28668.1,590
2013,10,"Short-Sleeve Classic Jersey, XL",19110.1,2655,86007.25,590
2013,10,"Sport-100 Helmet, Black",12384.1,2360,49545.25,590
2013,10,"Sport-100 Helmet, Blue",12384.1,2360,49545.25,590
2013,10,"Sport-100 Helmet, Red",12384.1,2950,61932.3,590
2013,10,Touring Pedal,14334.05,590,28671.05,295
2013,10,"Touring-1000 Blue, 46",843959.6,1475,2109901.95,590
2013,10,"Touring-1000 Blue, 50",843959.6,1770,2531881.75,590
2013,10,"Touring-1000 Blue, 60",843959.6,1770,2531884.7,590
2013,10,"Touring-1000 Yellow, 46",843959.6,2950,4219803.9,590
2013,10,"Touring-1000 Yellow, 50",421979.8,295,421979.8,295
2013,10,"Touring-1000 Yellow, 60",843959.6,1770,2531884.7,590
2013,10,"Touring-2000 Blue, 46",430056.9,590,430056.9,590
2013,10,"Touring-2000 Blue, 54",215028.45,590,430056.9,295
2013,10,"Touring-2000 Blue, 60",215028.45,295,215028.45,295
2013,10,"Touring-3000 Blue, 50",262791.9,885,394187.85,590
2013,10,"Touring-3000 Blue, 54",262791.9,2065,919771.65,590
2013,10,"Touring-3000 Blue, 62",131395.95,590,262791.9,295
2013,10,"Touring-3000 Yellow, 44",131395.95,295,131395.95,295
2013,10,"Touring-3000 Yellow, 50",131395.95,295,131395.95,295
2013,10,"Touring-3000 Yellow, 54",262791.9,885,394187.85,590
2013,10,"Touring-3000 Yellow, 58",131395.95,295,131395.95,295
2013,10,"Touring-3000 Yellow, 62",131395.95,295,131395.95,295
2013,10,Water Bottle - 30 oz.,1764.1,4130,12366.4,590
2013,10,"Women's Mountain Shorts, L",14504,1635,62992.7,350
2013,10,"Women's Mountain Shorts, M",12387.05,590,24777.05,295
2013,10,"Women's Mountain Shorts, S",12387.05,885,37164.1,295
2013,11,"Classic Vest, S",22479,2655,101155.5,590
2013,11,"Touring-1000 Blue, 46",421979.8,1180,1687922.15,295
2013,11,"Touring-1000 Blue, 60",843959.6,590,843959.6,590
2013,11,"Touring-1000 Yellow, 60",421979.8,590,843959.6,295
2013,11,"Touring-2000 Blue, 54",215028.45,590,430056.9,295
2013,11,"Touring-2000 Blue, 60",215028.45,590,430056.9,295
2013,11,"Touring-3000 Blue, 50",131395.95,295,131395.95,295
2013,11,"Touring-3000 Yellow, 44",131395.95,590,262791.9,295
2013,11,"Touring-3000 Yellow, 62",131395.95,590,262791.9,295
2013,12,HL Mountain Pedal,14334.05,1180,57342.1,295
2013,12,HL Road Pedal,14334.05,885,43005.1,295
2013,12,"LL Mountain Frame - Black, 44",44211.65,590,88426.25,295
2013,12,LL Road Pedal,7165.55,295,7165.55,295
2013,12,ML Mountain Handlebars,10959.25,1180,43839.95,295
2013,12,"Mountain-200 Black, 38",812424.1,2655,3655920.25,590
2013,12,"Mountain-200 Black, 42",406212.05,590,812427.05,295
2013,12,"Mountain-200 Black, 46",406212.05,2360,3249705.25,295
2013,12,"Mountain-200 Silver, 38",410637.05,2065,2874468.2,295
2013,12,"Mountain-200 Silver, 42",410637.05,2655,3695745.25,295
2013,12,"Mountain-200 Silver, 46",410637.05,2655,3695745.25,295
2013,12,"Mountain-400-W Silver, 38",136198.55,1180,544800.1,295
2013,12,"Mountain-400-W Silver, 40",136198.55,2065,953398.7,295
2013,12,"Mountain-400-W Silver, 42",136198.55,1770,817197.2,295
2013,12,"Mountain-400-W Silver, 46",136198.55,1180,544800.1,295
2013,12,"Mountain-500 Black, 40",95577.05,2655,860205.25,295
2013,12,"Mountain-500 Black, 42",95577.05,2360,764625.25,295
2013,12,"Mountain-500 Black, 44",95577.05,1475,477891.15,295
2013,12,"Mountain-500 Black, 48",95577.05,885,286734.1,295
2013,12,"Mountain-500 Black, 52",95577.05,1180,382314.1,295
2013,12,"Mountain-500 Silver, 40",100002.05,2065,700023.2,295
2013,12,"Mountain-500 Silver, 42",100002.05,590,200007.05,295
2013,12,"Mountain-500 Silver, 44",100002.05,1770,600018.2,295
2013,12,"Mountain-500 Silver, 48",100002.05,1770,600018.2,295
2013,12,"Mountain-500 Silver, 52",100002.05,590,200007.05,295
2013,12,"Racing Socks, L",1590.05,1770,9546.2,295
2013,12,"Racing Socks, M",1590.05,1180,6366.1,295
2013,12,"Road-250 Black, 44",432472.95,295,432472.95,295
2013,12,"Road-250 Black, 48",432472.95,885,1297418.85,295
2013,12,"Road-250 Black, 58",432472.95,885,1297418.85,295
2013,12,"Road-250 Red, 58",432472.95,295,432472.95,295
2013,12,"Road-350-W Yellow, 40",301074.05,295,301074.05,295
2013,12,"Road-350-W Yellow, 42",301074.05,295,301074.05,295
2013,12,"Road-350-W Yellow, 44",301074.05,1475,1505376.15,295
2013,12,"Road-350-W Yellow, 48",602148.1,1180,1204299.15,590
2013,12,"Road-550-W Yellow, 38",198325.55,295,198325.55,295
2013,12,"Road-550-W Yellow, 40",198325.55,295,198325.55,295
2013,12,"Road-550-W Yellow, 42",198325.55,590,396654.05,295
2013,12,"Road-550-W Yellow, 44",198325.55,590,396654.05,295
2013,12,"Road-550-W Yellow, 48",198325.55,590,396654.05,295
2013,12,"Road-750 Black, 44",95577.05,295,95577.05,295
2013,12,"Road-750 Black, 48",95577.05,885,286734.1,295
2013,12,"Road-750 Black, 52",95577.05,295,95577.05,295
2013,12,"Road-750 Black, 58",95577.05,590,191157.05,295
2013,12,"Women's Mountain Shorts, L",37161.15,4130,173433.45,885
2013,12,"Women's Mountain Shorts, M",24774.1,1180,49554.1,590
2013,12,"Women's Mountain Shorts, S",26891.05,2870,114558.15,645
2013,3,"Full-Finger Gloves, L",34.2,88,1278.74,2
2013,3,"Full-Finger Gloves, M",1148.95,1265,25109.7,55
2013,3,"Full-Finger Gloves, S",6723.05,885,20172.1,295
2013,3,"HL Mountain Frame - Black, 42",217164.25,1770,1302976.65,295
2013,3,"HL Mountain Frame - Silver, 38",219559.65,1180,878241.55,295
2013,3,HL Mountain Front Wheel,53138.35,885,159415.05,295
2013,3,HL Mountain Handlebars,19352,1180,77410.95,295
2013,3,HL Mountain Rear Wheel,57917.35,1180,231669.4,295
2013,3,HL Road Front Wheel,58421.8,295,58421.8,295
2013,3,LL Mountain Front Wheel,10752.75,1475,53760.8,295
2013,3,LL Mountain Rear Wheel,15531.75,1180,62124.05,295
2013,3,"LL Road Frame - Black, 52",54262.3,295,54262.3,295
2013,3,"LL Road Frame - Red, 44",59687.35,885,179065,295
2013,3,"LL Road Frame - Red, 48",59687.35,590,119374.7,295
2013,3,"LL Road Frame - Red, 60",59687.35,885,179065,295
2013,3,"LL Road Frame - Red, 62",59687.35,885,179065,295
2013,3,LL Road Rear Wheel,19924.3,1180,79697.2,295
2013,3,"ML Mountain Frame - Black, 38",61731.7,590,123460.45,295
2013,3,"ML Mountain Frame - Black, 44",61731.7,1180,246920.9,295
2013,3,"ML Mountain Frame - Black, 48",61731.7,1770,370384.3,295
2013,3,ML Mountain Front Wheel,36998.9,885,110993.75,295
2013,3,ML Mountain Handlebars,9962.15,1475,49816.65,295
2013,3,ML Mountain Rear Wheel,41777.9,885,125330.75,295
2013,3,"ML Road Frame-W - Yellow, 38",95712.75,295,95712.75,295
2013,3,"ML Road Frame-W - Yellow, 48",95712.75,590,191428.45,295
2013,3,ML Road Front Wheel,43963.85,1180,175855.4,295
2013,3,"Mountain-200 Black, 38",362690.7,1180,1450762.8,295
2013,3,"Mountain-200 Black, 42",362690.7,2065,2538831.95,295
2013,3,"Mountain-200 Black, 46",362690.7,1475,1813450.55,295
2013,3,"Mountain-200 Silver, 38",366640.75,2065,2566488.2,295
2013,3,"Mountain-200 Silver, 42",366640.75,2655,3299772.65,295
2013,3,"Mountain-200 Silver, 46",366640.75,885,1099925.2,295
2013,3,"Mountain-300 Black, 38",191157.05,2360,1529265.25,295
2013,3,"Mountain-300 Black, 40",191157.05,1770,1146948.2,295
2013,3,"Mountain-300 Black, 44",191157.05,2360,1529265.25,295
2013,3,"Mountain-300 Black, 48",191157.05,2950,1911582.3,295
2013,3,"Road-250 Black, 48",386137.3,590,772274.6,295
2013,3,"Road-250 Black, 52",386137.3,295,386137.3,295
2013,3,"Road-250 Black, 58",386137.3,590,772274.6,295
2013,3,"Road-250 Red, 44",432472.95,1180,1729891.8,295
2013,3,"Road-250 Red, 52",432472.95,885,1297418.85,295
2013,3,"Road-250 Red, 58",386137.3,590,772274.6,295
2013,3,"Road-550-W Yellow, 38",177076.7,590,354156.35,295
2013,3,"Road-550-W Yellow, 40",177076.7,1180,708309.75,295
2013,3,"Road-550-W Yellow, 44",177076.7,590,354156.35,295
2013,3,"Road-550-W Yellow, 48",177076.7,1475,885386.45,295
2013,3,"Road-650 Black, 44",138588.05,295,138588.05,295
2013,3,"Road-650 Black, 48",138588.05,295,138588.05,295
2013,3,"Road-650 Black, 52",277176.1,1475,692946.15,590
2013,3,"Road-650 Black, 58",138588.05,1180,554358.1,295
2013,3,"Road-650 Black, 60",138588.05,590,277179.05,295
2013,3,"Road-650 Black, 62",138588.05,590,277179.05,295
2013,3,"Road-650 Red, 44",277176.1,1180,554355.15,590
2013,3,"Road-650 Red, 48",138588.05,885,415767.1,295
2013,3,"Road-650 Red, 52",138588.05,885,415767.1,295
2013,3,"Road-650 Red, 60",277176.1,590,277176.1,590
2013,3,"Road-650 Red, 62",277176.1,1770,831537.15,590
2013,5,AWC Logo Cap,1590.05,885,4773.1,295
2013,5,Bike Wash - Dissolver,1407.15,2065,9850.05,295
2013,5,Chain,7162.6,590,7162.6,590
2013,5,"Classic Vest, M",11239.5,1475,56197.5,295
2013,5,"Classic Vest, S",11239.5,590,22479,295
2013,5,Front Brakes,18850.5,590,37701,295
2013,5,Front Derailleur,16192.55,295,16192.55,295
2013,5,Hitch Rack - 4-Bike,21240,885,63720,295
2013,5,HL Bottom Bracket,21502.55,885,64510.6,295
2013,5,HL Crankset,71682.05,295,71682.05,295
2013,5,Hydration Pack - 70 oz.,9732.05,590,19467.05,295
2013,5,"Long-Sleeve Logo Jersey, L",8847.05,885,26544.1,295
2013,5,"Short-Sleeve Classic Jersey, L",9555.05,1180,38226.1,295
2013,5,"Short-Sleeve Classic Jersey, S",9555.05,885,28668.1,295
2013,5,"Short-Sleeve Classic Jersey, XL",9555.05,590,19113.05,295
2013,5,"Sport-100 Helmet, Black",47.25,12,160.59,3
2013,5,"Sport-100 Helmet, Blue",47.25,9,120.45,3
2013,5,"Sport-100 Helmet, Red",47.25,12,160.59,3
2013,5,"Touring-1000 Blue, 60",843959.6,885,1265939.4,590
2013,5,"Touring-1000 Yellow, 46",3814.52,4,3051.6,4
2013,5,"Touring-1000 Yellow, 60",7629.04,8,6103.2,8
2013,5,"Touring-3000 Blue, 50",3340.6,20,5679,10
2013,5,"Touring-3000 Yellow, 44",3340.6,10,2839.5,10
2013,5,"Touring-3000 Yellow, 62",3340.6,20,5679,10
2013,5,Water Bottle - 30 oz.,882.05,1180,3534.1,295
2013,6,AWC Logo Cap,3180.1,3245,17502.35,590
2013,6,Bike Wash - Dissolver,4221.45,4425,21107.25,885
2013,6,"Classic Vest, M",22479,1180,44958,590
2013,6,"Classic Vest, S",33718.5,2950,112395,885
2013,6,"Half-Finger Gloves, M",8667.1,2655,39013.75,590
2013,6,Hitch Rack - 4-Bike,63720,2655,191160,885
2013,6,"HL Mountain Frame - Black, 42",238879.2,885,716637.6,295
2013,6,"HL Mountain Frame - Silver, 38",241516.5,1180,966066,295
2013,6,"HL Mountain Frame - Silver, 42",241516.5,885,724549.5,295
2013,6,HL Mountain Handlebars,21287.2,1475,106438.95,295
2013,6,HL Mountain Pedal,14334.05,295,14334.05,295
2013,6,HL Mountain Seat/Saddle,18632.2,885,27951.25,590
2013,6,"HL Road Frame - Black, 44",253375.5,295,253375.5,295
2013,6,"HL Road Frame - Red, 44",253375.5,295,253375.5,295
2013,6,"HL Road Frame - Red, 62",253375.5,295,253375.5,295
2013,6,HL Road Handlebars,21287.2,295,21287.2,295
2013,6,HL Road Pedal,28668.1,590,28668.1,590
2013,6,HL Road Seat/Saddle,9316.1,295,9316.1,295
2013,6,Hydration Pack - 70 oz.,29196.15,2065,68133.2,885
2013,6,"LL Mountain Frame - Black, 42",44211.65,295,44211.65,295
2013,6,"LL Mountain Frame - Black, 44",44211.65,2065,309490.4,295
2013,6,"LL Mountain Frame - Black, 48",44211.65,1770,265275.8,295
2013,6,"LL Mountain Frame - Silver, 40",46736.85,885,140210.55,295
2013,6,"LL Mountain Frame - Silver, 42",46736.85,1770,280421.1,295
2013,6,"LL Mountain Frame - Silver, 44",46736.85,1475,233684.25,295
2013,6,"LL Mountain Frame - Silver, 52",46736.85,1180,186947.4,295
2013,6,LL Mountain Handlebars,7882.4,885,23650.15,295
2013,6,LL Mountain Pedal,21496.65,2065,50167.7,885
2013,6,LL Mountain Seat/Saddle,4799.65,295,4799.65,295
2013,6,"LL Road Frame - Black, 52",119374.7,1475,298439.7,590
2013,6,"LL Road Frame - Black, 58",59687.35,295,59687.35,295
2013,6,LL Road Handlebars,7882.4,885,23650.15,295
2013,6,LL Road Pedal,7165.55,1180,28668.1,295
2013,6,"Long-Sleeve Logo Jersey, L",26541.15,4130,123876.4,885
2013,6,"ML Mountain Frame-W - Silver, 40",193328.25,3245,708882.05,885
2013,6,"ML Mountain Frame-W - Silver, 42",64442.75,1770,386662.4,295
2013,6,"ML Mountain Frame-W - Silver, 46",64442.75,1180,257776.9,295
2013,6,ML Mountain Handlebars,32877.75,2360,87676.95,885
2013,6,ML Mountain Seat/Saddle,6926.6,590,13856.15,295
2013,6,"ML Road Frame-W - Yellow, 44",105285.5,885,315853.55,295
2013,6,"ML Road Frame-W - Yellow, 48",105285.5,590,210571,295
2013,6,ML Road Pedal,21977.5,1770,65941.35,590
2013,6,"Mountain-200 Black, 38",1218636.15,3245,4468344.35,885
2013,6,"Mountain-200 Black, 42",406212.05,885,1218639.1,295
2013,6,"Mountain-200 Black, 46",406212.05,2950,4062132.3,295
2013,6,"Mountain-200 Silver, 38",410637.05,2065,2874468.2,295
2013,6,"Mountain-200 Silver, 42",410637.05,2065,2874468.2,295
2013,6,"Mountain-200 Silver, 46",149360.49,1221,1610111.61,111
2013,6,"Mountain-400-W Silver, 38",136198.55,1770,817197.2,295
2013,6,"Mountain-400-W Silver, 40",49539.3,1221,534038.76,111
2013,6,"Mountain-400-W Silver, 42",136198.55,590,272400.05,295
2013,6,"Mountain-400-W Silver, 46",136198.55,590,272400.05,295
2013,6,"Mountain-500 Black, 40",95577.05,885,286734.1,295
2013,6,"Mountain-500 Black, 42",95577.05,1180,382314.1,295
2013,6,"Mountain-500 Black, 44",95577.05,1180,382314.1,295
2013,6,"Mountain-500 Black, 48",95577.05,885,286734.1,295
2013,6,"Mountain-500 Black, 52",95577.05,1770,573468.2,295
2013,6,"Mountain-500 Silver, 40",100002.05,1475,500016.15,295
2013,6,"Mountain-500 Silver, 42",100002.05,590,200007.05,295
2013,6,"Mountain-500 Silver, 44",100002.05,1770,600018.2,295
2013,6,"Mountain-500 Silver, 48",100002.05,1770,600018.2,295
2013,6,"Mountain-500 Silver, 52",100002.05,295,100002.05,295
2013,6,"Racing Socks, L",1861.75,4105,21337.5,350
2013,6,"Racing Socks, M",3180.1,2950,15912.3,590
2013,6,"Road-250 Black, 48",432472.95,885,1297418.85,295
2013,6,"Road-250 Black, 52",432472.95,590,864945.9,295
2013,6,"Road-250 Black, 58",432472.95,295,432472.95,295
2013,6,"Road-250 Red, 58",432472.95,885,1297418.85,295
2013,6,"Road-350-W Yellow, 40",602148.1,1180,1204299.15,590
2013,6,"Road-350-W Yellow, 42",301074.05,295,301074.05,295
2013,6,"Road-350-W Yellow, 44",301074.05,590,602151.05,295
2013,6,"Road-350-W Yellow, 48",301074.05,1180,1204302.1,295
2013,6,"Road-550-W Yellow, 38",198325.55,590,396654.05,295
2013,6,"Road-550-W Yellow, 40",198325.55,295,198325.55,295
2013,6,"Road-550-W Yellow, 42",198325.55,1475,991633.65,295
2013,6,"Road-550-W Yellow, 44",198325.55,885,594979.6,295
2013,6,"Road-750 Black, 44",95577.05,590,191157.05,295
2013,6,"Road-750 Black, 48",191154.1,1180,382311.15,590
2013,6,"Road-750 Black, 52",95577.05,295,95577.05,295
2013,6,"Road-750 Black, 58",95577.05,590,191157.05,295
2013,6,"Short-Sleeve Classic Jersey, L",28665.15,3245,105120.3,885
2013,6,"Short-Sleeve Classic Jersey, XL",28665.15,2065,66891.25,885
2013,6,"Sport-100 Helmet, Black",18576.15,2950,61932.3,885
2013,6,"Sport-100 Helmet, Blue",18576.15,4130,86703.45,885
2013,6,"Sport-100 Helmet, Red",18576.15,4720,99093.45,885
2013,6,Water Bottle - 30 oz.,2646.15,2950,8832.3,885
2013,6,"Women's Mountain Shorts, L",25369.1,4152,167931.68,607
2013,6,"Women's Mountain Shorts, M",37161.15,2950,123882.3,885
2013,6,"Women's Mountain Shorts, S",25369.1,6285,256794.49,607
2013,7,AWC Logo Cap,1861.75,3590,18714,350
2013,7,Bike Wash - Dissolver,2814.3,1475,7035.75,590
2013,7,Chain,3581.3,1180,14331.1,295
2013,7,"Classic Vest, M",22479,2065,78676.5,590
2013,7,"Classic Vest, S",15327.63,3692,137992.32,406
2013,7,Front Brakes,18850.5,1180,75402,295
2013,7,"Half-Finger Gloves, L",4333.55,295,4333.55,295
2013,7,"Half-Finger Gloves, M",8667.1,2950,43347.3,590
2013,7,"Half-Finger Gloves, S",8667.1,2065,30343.7,590
2013,7,Hitch Rack - 4-Bike,28965.6,3914,275915.01,406
2013,7,"HL Mountain Frame - Black, 42",238879.2,885,716637.6,295
2013,7,"HL Mountain Frame - Silver, 38",241516.5,590,483033,295
2013,7,HL Mountain Handlebars,21287.2,1180,85151.75,295
2013,7,HL Mountain Pedal,28668.1,1180,57339.15,590
2013,7,HL Mountain Seat/Saddle,18632.2,1475,46586.4,590
2013,7,"HL Touring Frame - Blue, 46",177693.25,295,177693.25,295
2013,7,"HL Touring Frame - Blue, 50",177693.25,885,533076.8,295
2013,7,"HL Touring Frame - Blue, 54",177693.25,590,355383.55,295
2013,7,"HL Touring Frame - Blue, 60",355386.5,885,533076.8,590
2013,7,"HL Touring Frame - Yellow, 50",177693.25,295,177693.25,295
2013,7,"HL Touring Frame - Yellow, 54",355386.5,1180,710767.1,590
2013,7,"HL Touring Frame - Yellow, 60",355386.5,885,533076.8,590
2013,7,HL Touring Handlebars,16207.3,295,16207.3,295
2013,7,HL Touring Seat/Saddle,9316.1,590,18635.15,295
2013,7,Hydration Pack - 70 oz.,19464.1,3245,107067.3,590
2013,7,LL Bottom Bracket,9555.05,590,19113.05,295
2013,7,"LL Mountain Frame - Black, 42",44211.65,590,88426.25,295
2013,7,"LL Mountain Frame - Black, 48",44211.65,885,132637.9,295
2013,7,"LL Mountain Frame - Silver, 40",46736.85,590,93473.7,295
2013,7,"LL Mountain Frame - Silver, 44",46736.85,885,140210.55,295
2013,7,"LL Mountain Frame - Silver, 52",46736.85,295,46736.85,295
2013,7,LL Mountain Pedal,7165.55,295,7165.55,295
2013,7,"LL Touring Frame - Blue, 44",59014.75,295,59014.75,295
2013,7,"LL Touring Frame - Blue, 50",118029.5,590,118029.5,590
2013,7,"LL Touring Frame - Blue, 54",59014.75,885,177047.2,295
2013,7,"LL Touring Frame - Yellow, 44",118029.5,1180,236059,590
2013,7,"LL Touring Frame - Yellow, 50",59014.75,295,59014.75,295
2013,7,"LL Touring Frame - Yellow, 58",59014.75,295,59014.75,295
2013,7,"LL Touring Frame - Yellow, 62",118029.5,2950,590153.4,590
2013,7,LL Touring Handlebars,8156.75,590,16316.45,295
2013,7,LL Touring Seat/Saddle,9599.3,590,9599.3,590
2013,7,"Long-Sleeve Logo Jersey, L",17694.1,1475,44241.15,590
2013,7,"Long-Sleeve Logo Jersey, M",17694.1,2360,70785.25,590
2013,7,"Long-Sleeve Logo Jersey, XL",17694.1,4130,123876.4,590
2013,7,"ML Mountain Frame-W - Silver, 40",128885.5,1475,322219.65,590
2013,7,"ML Mountain Frame-W - Silver, 42",64442.75,1180,257776.9,295
2013,7,"ML Mountain Frame-W - Silver, 46",64442.75,590,128888.45,295
2013,7,ML Mountain Handlebars,21918.5,1475,54799.2,590
2013,7,ML Mountain Pedal,10988.75,295,10988.75,295
2013,7,"Mountain-200 Black, 38",406212.05,1475,2031066.15,295
2013,7,"Mountain-200 Black, 42",406212.05,590,812427.05,295
2013,7,"Mountain-200 Black, 46",406212.05,885,1218639.1,295
2013,7,"Mountain-200 Silver, 38",410637.05,590,821277.05,295
2013,7,"Mountain-200 Silver, 42",410637.05,590,821277.05,295
2013,7,"Mountain-200 Silver, 46",410637.05,590,821277.05,295
2013,7,"Mountain-400-W Silver, 38",136198.55,885,408598.6,295
2013,7,"Mountain-400-W Silver, 40",136198.55,590,272400.05,295
2013,7,"Mountain-400-W Silver, 42",136198.55,1180,544800.1,295
2013,7,"Mountain-500 Black, 40",95577.05,1180,382314.1,295
2013,7,"Mountain-500 Black, 42",95577.05,590,191157.05,295
2013,7,"Mountain-500 Silver, 40",100002.05,590,200007.05,295
2013,7,"Mountain-500 Silver, 48",100002.05,295,100002.05,295
2013,7,"Mountain-500 Silver, 52",100002.05,885,300009.1,295
2013,7,Patch Kit/8 Patches,404.15,295,404.15,295
2013,7,Rear Brakes,18850.5,295,18850.5,295
2013,7,Rear Derailleur,21499.6,590,42996.25,295
2013,7,"Short-Sleeve Classic Jersey, L",19110.1,3245,105117.35,590
2013,7,"Short-Sleeve Classic Jersey, S",19110.1,1180,38223.15,590
2013,7,"Short-Sleeve Classic Jersey, XL",19110.1,3540,114675.35,590
2013,7,"Sport-100 Helmet, Black",12384.1,3540,74319.35,590
2013,7,"Sport-100 Helmet, Blue",12384.1,3245,68124.35,590
2013,7,"Sport-100 Helmet, Red",12384.1,2950,61932.3,590
2013,7,Touring Pedal,28668.1,885,43005.1,590
2013,7,"Touring-1000 Blue, 46",997445.96,1811,2498543.36,701
2013,7,"Touring-1000 Blue, 50",421979.8,295,421979.8,295
2013,7,"Touring-1000 Blue, 54",421979.8,590,843959.6,295
2013,7,"Touring-1000 Blue, 60",843959.6,2950,4219803.9,590
2013,7,"Touring-1000 Yellow, 46",3814.52,24,18309.64,4
2013,7,"Touring-1000 Yellow, 50",7629.04,16,12206.4,8
2013,7,"Touring-1000 Yellow, 54",3814.52,12,9154.84,4
2013,7,"Touring-1000 Yellow, 60",3814.52,28,21361.28,4
2013,7,"Touring-2000 Blue, 46",430056.9,885,645085.35,590
2013,7,"Touring-2000 Blue, 50",215028.45,885,645085.35,295
2013,7,"Touring-2000 Blue, 54",293240.16,1922,1349830.65,406
2013,7,"Touring-2000 Blue, 60",430056.9,1770,1290170.7,590
2013,7,"Touring-3000 Blue, 44",3340.6,10,2839.5,10
2013,7,"Touring-3000 Blue, 50",3340.6,10,2839.5,10
2013,7,"Touring-3000 Blue, 54",6681.2,70,19876.5,20
2013,7,"Touring-3000 Blue, 58",3340.6,30,8518.5,10
2013,7,"Touring-3000 Blue, 62",3340.6,10,2839.5,10
2013,7,"Touring-3000 Yellow, 44",6681.2,100,28394.9,20
2013,7,"Touring-3000 Yellow, 50",6681.2,50,14197.5,20
2013,7,"Touring-3000 Yellow, 54",6681.2,40,11358,20
2013,7,"Touring-3000 Yellow, 62",3340.6,10,2839.5,10
2013,7,Water Bottle - 30 oz.,2646.15,3835,11481.4,885
2013,7,"Women's Mountain Shorts, L",2116.95,880,32181.6,55
2013,7,"Women's Mountain Shorts, M",24774.1,1475,61941.15,590
2013,7,"Women's Mountain Shorts, S",2116.95,880,32181.6,55
2013,8,AWC Logo Cap,1590.05,590,3183.05,295
2013,8,"Classic Vest, S",11239.5,1770,67437,295
2013,8,Front Derailleur,16192.55,295,16192.55,295
2013,8,Hitch Rack - 4-Bike,21240,1180,84960,295
2013,8,"Long-Sleeve Logo Jersey, L",8847.05,590,17697.05,295
2013,8,"Short-Sleeve Classic Jersey, L",9555.05,295,9555.05,295
2013,8,"Short-Sleeve Classic Jersey, XL",9555.05,1180,38226.1,295
2013,8,"Touring-1000 Blue, 46",421979.8,295,421979.8,295
2013,8,"Touring-1000 Blue, 60",843959.6,885,1265939.4,590
2013,8,"Touring-1000 Yellow, 46",421979.8,295,421979.8,295
2013,8,"Touring-2000 Blue, 54",215028.45,590,430056.9,295
2013,8,"Touring-3000 Blue, 50",131395.95,295,131395.95,295
2013,8,"Touring-3000 Yellow, 44",131395.95,295,131395.95,295
2013,8,"Touring-3000 Yellow, 62",131395.95,295,131395.95,295
2013,8,Water Bottle - 30 oz.,882.05,885,2649.1,295
2013,9,AWC Logo Cap,3180.1,1180,6363.15,590
2013,9,"Classic Vest, S",33718.5,4130,157353,885
2013,9,Hitch Rack - 4-Bike,63720,5310,382320,885
2013,9,"HL Mountain Frame - Black, 42",238879.2,1180,955516.8,295
2013,9,HL Mountain Handlebars,21287.2,590,42574.4,295
2013,9,HL Mountain Pedal,14334.05,1770,86010.2,295
2013,9,HL Mountain Seat/Saddle,9316.1,295,9316.1,295
2013,9,HL Road Handlebars,21287.2,295,21287.2,295
2013,9,HL Road Pedal,14334.05,295,14334.05,295
2013,9,"LL Mountain Frame - Black, 42",44211.65,1475,221064.15,295
2013,9,"LL Mountain Frame - Black, 44",44211.65,885,132637.9,295
2013,9,"LL Mountain Frame - Black, 48",44211.65,885,132637.9,295
2013,9,"LL Mountain Frame - Silver, 40",46736.85,2655,420631.65,295
2013,9,"LL Mountain Frame - Silver, 42",46736.85,885,140210.55,295
2013,9,"LL Mountain Frame - Silver, 44",46736.85,295,46736.85,295
2013,9,"LL Mountain Frame - Silver, 52",46736.85,590,93473.7,295
2013,9,LL Mountain Pedal,7165.55,885,21499.6,295
2013,9,LL Mountain Seat/Saddle,4799.65,1475,24001.2,295
2013,9,"LL Road Frame - Black, 52",59687.35,590,119374.7,295
2013,9,LL Road Pedal,7165.55,590,14334.05,295
2013,9,"Long-Sleeve Logo Jersey, L",17694.1,1475,44241.15,590
2013,9,"ML Mountain Frame-W - Silver, 40",64442.75,1180,257776.9,295
2013,9,"ML Mountain Frame-W - Silver, 42",64442.75,885,193331.2,295
2013,9,"ML Mountain Frame-W - Silver, 46",64442.75,1180,257776.9,295
2013,9,ML Mountain Handlebars,10959.25,295,10959.25,295
2013,9,ML Mountain Pedal,10988.75,1180,43960.9,295
2013,9,"ML Road Frame-W - Yellow, 38",105285.5,1180,421139.05,295
2013,9,"ML Road Frame-W - Yellow, 44",105285.5,295,105285.5,295
2013,9,"ML Road Frame-W - Yellow, 48",105285.5,885,315853.55,295
2013,9,ML Road Pedal,10988.75,590,21980.45,295
2013,9,"Mountain-200 Black, 38",881847.3,2005,2614135.05,645
2013,9,"Mountain-200 Black, 42",1218636.15,4130,5686986.4,885
2013,9,"Mountain-200 Black, 46",406212.05,2065,2843493.2,295
2013,9,"Mountain-200 Silver, 38",149360.49,1443,1902858.57,111
2013,9,"Mountain-200 Silver, 42",410637.05,590,821277.05,295
2013,9,"Mountain-200 Silver, 46",410637.05,2950,4106382.3,295
2013,9,"Mountain-400-W Silver, 38",136198.55,1770,817197.2,295
2013,9,"Mountain-400-W Silver, 40",49539.3,1332,582587.94,111
2013,9,"Mountain-400-W Silver, 42",136198.55,1475,680998.65,295
2013,9,"Mountain-400-W Silver, 46",136198.55,2360,1089597.25,295
2013,9,"Mountain-500 Black, 40",95577.05,1180,382314.1,295
2013,9,"Mountain-500 Black, 42",95577.05,1180,382314.1,295
2013,9,"Mountain-500 Black, 44",95577.05,295,95577.05,295
2013,9,"Mountain-500 Black, 48",95577.05,295,95577.05,295
2013,9,"Mountain-500 Black, 52",95577.05,295,95577.05,295
2013,9,"Mountain-500 Silver, 40",100002.05,590,200007.05,295
2013,9,"Mountain-500 Silver, 42",100002.05,295,100002.05,295
2013,9,"Mountain-500 Silver, 44",100002.05,885,300009.1,295
2013,9,"Mountain-500 Silver, 48",100002.05,2065,700023.2,295
2013,9,"Mountain-500 Silver, 52",100002.05,885,300009.1,295
2013,9,"Racing Socks, L",3180.1,5310,28641.55,590
2013,9,"Racing Socks, M",3180.1,2950,15912.3,590
2013,9,"Road-250 Black, 44",432472.95,885,1297418.85,295
2013,9,"Road-250 Black, 48",432472.95,295,432472.95,295
2013,9,"Road-250 Black, 58",432472.95,1475,2162364.75,295
2013,9,"Road-250 Red, 58",432472.95,295,432472.95,295
2013,9,"Road-350-W Yellow, 40",301074.05,295,301074.05,295
2013,9,"Road-350-W Yellow, 42",301074.05,885,903225.1,295
2013,9,"Road-350-W Yellow, 48",301074.05,885,903225.1,295
2013,9,"Road-550-W Yellow, 40",198325.55,1180,793308.1,295
2013,9,"Road-550-W Yellow, 44",198325.55,590,396654.05,295
2013,9,"Road-550-W Yellow, 48",198325.55,295,198325.55,295
2013,9,"Road-750 Black, 44",95577.05,295,95577.05,295
2013,9,"Road-750 Black, 48",95577.05,590,191157.05,295
2013,9,"Road-750 Black, 52",95577.05,1180,382314.1,295
2013,9,"Road-750 Black, 58",95577.05,295,95577.05,295
2013,9,"Short-Sleeve Classic Jersey, XL",28665.15,2655,86007.25,885
2013,9,"Sport-100 Helmet, Blue",6192.05,295,6192.05,295
2013,9,"Women's Mountain Shorts, L",16892.54,2512,102544.39,406
2013,9,"Women's Mountain Shorts, M",24774.1,1475,61941.15,590
2013,9,"Women's Mountain Shorts, S",26891.05,2760,110532.5,645
2014,1,AWC Logo Cap,3180.1,1770,9549.15,590
2014,1,Bike Wash - Dissolver,1407.15,885,4221.45,295
2014,1,Chain,3581.3,590,7165.55,295
2014,1,"Classic Vest, M",22479,590,22479,590
2014,1,"Classic Vest, S",22479,2655,101155.5,590
2014,1,Front Derailleur,16192.55,295,16192.55,295
2014,1,"Half-Finger Gloves, M",4333.55,590,8670.05,295
2014,1,HL Crankset,71682.05,590,143367.05,295
2014,1,HL Mountain Pedal,14334.05,295,14334.05,295
2014,1,"HL Touring Frame - Blue, 60",177693.25,590,355383.55,295
2014,1,"HL Touring Frame - Yellow, 60",177693.25,590,355383.55,295
2014,1,"LL Mountain Frame - Black, 44",44211.65,295,44211.65,295
2014,1,"LL Mountain Frame - Silver, 42",46736.85,590,93473.7,295
2014,1,"LL Touring Frame - Blue, 54",59014.75,590,118029.5,295
2014,1,"LL Touring Frame - Yellow, 44",59014.75,590,118029.5,295
2014,1,"LL Touring Frame - Yellow, 50",59014.75,1180,236061.95,295
2014,1,"Long-Sleeve Logo Jersey, L",17694.1,590,17694.1,590
2014,1,"ML Mountain Frame-W - Silver, 40",64442.75,1475,322219.65,295
2014,1,"ML Mountain Frame-W - Silver, 42",64442.75,295,64442.75,295
2014,1,"Mountain-200 Black, 38",406212.05,2065,2843493.2,295
2014,1,"Mountain-200 Black, 42",406212.05,885,1218639.1,295
2014,1,"Mountain-200 Black, 46",406212.05,1770,2437278.2,295
2014,1,"Mountain-200 Silver, 38",410637.05,2360,3285105.25,295
2014,1,"Mountain-200 Silver, 42",410637.05,1475,2053191.15,295
2014,1,"Mountain-400-W Silver, 40",136198.55,590,272400.05,295
2014,1,"Mountain-400-W Silver, 42",136198.55,295,136198.55,295
2014,1,"Mountain-500 Black, 44",95577.05,295,95577.05,295
2014,1,"Mountain-500 Black, 48",95577.05,590,191157.05,295
2014,1,"Mountain-500 Black, 52",95577.05,295,95577.05,295
2014,1,"Mountain-500 Silver, 40",100002.05,885,300009.1,295
2014,1,"Mountain-500 Silver, 42",100002.05,295,100002.05,295
2014,1,"Mountain-500 Silver, 44",100002.05,295,100002.05,295
2014,1,"Mountain-500 Silver, 48",100002.05,590,200007.05,295
2014,1,"Mountain-500 Silver, 52",100002.05,295,100002.05,295
2014,1,"Short-Sleeve Classic Jersey, L",9555.05,1770,57336.2,295
2014,1,"Short-Sleeve Classic Jersey, XL",19110.1,1475,47781.15,590
2014,1,"Sport-100 Helmet, Black",6192.05,885,18579.1,295
2014,1,"Sport-100 Helmet, Blue",6192.05,885,18579.1,295
2014,1,"Sport-100 Helmet, Red",6192.05,885,18579.1,295
2014,1,"Touring-1000 Blue, 46",421979.8,295,421979.8,295
2014,1,"Touring-1000 Blue, 50",421979.8,295,421979.8,295
2014,1,"Touring-1000 Blue, 54",421979.8,590,843959.6,295
2014,1,"Touring-1000 Blue, 60",843959.6,885,1265939.4,590
2014,1,"Touring-1000 Yellow, 46",843959.6,1770,2531881.75,590
2014,1,"Touring-1000 Yellow, 50",421979.8,1180,1687922.15,295
2014,1,"Touring-1000 Yellow, 54",421979.8,295,421979.8,295
2014,1,"Touring-1000 Yellow, 60",575466.16,2106,2920526.11,406
2014,1,"Touring-2000 Blue, 46",215028.45,590,430056.9,295
2014,1,"Touring-2000 Blue, 50",215028.45,295,215028.45,295
2014,1,"Touring-2000 Blue, 54",645085.35,885,645085.35,885
2014,1,"Touring-2000 Blue, 60",430056.9,1770,1290170.7,590
2014,1,"Touring-3000 Blue, 44",131395.95,295,131395.95,295
2014,1,"Touring-3000 Blue, 50",131395.95,295,131395.95,295
2014,1,"Touring-3000 Blue, 54",131395.95,295,131395.95,295
2014,1,"Touring-3000 Blue, 58",131395.95,295,131395.95,295
2014,1,"Touring-3000 Yellow, 44",131395.95,295,131395.95,295
2014,1,"Touring-3000 Yellow, 50",262791.9,1475,656979.75,590
2014,1,"Touring-3000 Yellow, 54",131395.95,295,131395.95,295
2014,1,"Touring-3000 Yellow, 58",131395.95,590,262791.9,295
2014,1,"Touring-3000 Yellow, 62",262791.9,1180,525583.8,590
2014,1,Water Bottle - 30 oz.,882.05,1475,4416.15,295
2014,1,"Women's Mountain Shorts, L",12387.05,295,12387.05,295
2014,1,"Women's Mountain Shorts, M",24774.1,885,37164.1,590
2014,1,"Women's Mountain Shorts, S",4505.49,1554,61821.45,111
2014,3,AWC Logo Cap,3180.1,2065,11139.2,590
2014,3,"Classic Vest, S",33718.5,3835,146113.5,885
2014,3,Front Brakes,18850.5,590,37701,295
2014,3,Front Derailleur,16192.55,590,32388.05,295
2014,3,Hitch Rack - 4-Bike,42480,1770,127440,590
2014,3,"HL Mountain Frame - Black, 42",238879.2,1180,955516.8,295
2014,3,"HL Mountain Frame - Silver, 38",241516.5,1180,966066,295
2014,3,HL Mountain Handlebars,21287.2,590,42574.4,295
2014,3,HL Mountain Seat/Saddle,9316.1,885,27951.25,295
2014,3,HL Road Handlebars,21287.2,295,21287.2,295
2014,3,"LL Mountain Frame - Black, 44",44211.65,295,44211.65,295
2014,3,"LL Mountain Frame - Black, 48",44211.65,885,132637.9,295
2014,3,"LL Mountain Frame - Silver, 40",46736.85,295,46736.85,295
2014,3,"LL Mountain Frame - Silver, 42",46736.85,590,93473.7,295
2014,3,"LL Mountain Frame - Silver, 44",46736.85,885,140210.55,295
2014,3,LL Mountain Handlebars,7882.4,1475,39417.9,295
2014,3,LL Mountain Seat/Saddle,4799.65,590,9599.3,295
2014,3,"LL Road Frame - Black, 52",59687.35,295,59687.35,295
2014,3,LL Road Pedal,14331.1,590,14331.1,590
2014,3,"Long-Sleeve Logo Jersey, L",8847.05,1475,44241.15,295
2014,3,"ML Mountain Frame-W - Silver, 40",64442.75,2360,515550.85,295
2014,3,"ML Mountain Frame-W - Silver, 42",64442.75,590,128888.45,295
2014,3,"ML Mountain Frame-W - Silver, 46",64442.75,885,193331.2,295
2014,3,ML Mountain Handlebars,10959.25,885,32880.7,295
2014,3,"ML Road Frame-W - Yellow, 38",105285.5,1180,421139.05,295
2014,3,"ML Road Frame-W - Yellow, 44",105285.5,1180,421139.05,295
2014,3,ML Road Pedal,10988.75,295,10988.75,295
2014,3,"Mountain-200 Black, 38",812424.1,3540,4874559.35,590
2014,3,"Mountain-200 Black, 46",406212.05,2360,3249705.25,295
2014,3,"Mountain-200 Silver, 38",410637.05,1475,2053191.15,295
2014,3,"Mountain-200 Silver, 42",149360.49,1221,1610111.61,111
2014,3,"Mountain-200 Silver, 46",410637.05,2655,3695745.25,295
2014,3,"Mountain-400-W Silver, 38",136198.55,2065,953398.7,295
2014,3,"Mountain-400-W Silver, 40",136198.55,2950,1361997.3,295
2014,3,"Mountain-400-W Silver, 42",136198.55,1180,544800.1,295
2014,3,"Mountain-400-W Silver, 46",136198.55,1475,680998.65,295
2014,3,"Mountain-500 Black, 40",95577.05,1475,477891.15,295
2014,3,"Mountain-500 Black, 42",95577.05,1770,573468.2,295
2014,3,"Mountain-500 Black, 44",95577.05,885,286734.1,295
2014,3,"Mountain-500 Black, 48",95577.05,1770,573468.2,295
2014,3,"Mountain-500 Black, 52",95577.05,1770,573468.2,295
2014,3,"Mountain-500 Silver, 40",791,70,4745.93,7
2014,3,"Mountain-500 Silver, 42",791,49,3322.13,7
2014,3,"Mountain-500 Silver, 44",791,70,4745.93,7
2014,3,"Mountain-500 Silver, 48",791,70,4745.93,7
2014,3,"Mountain-500 Silver, 52",791,14,949.2,7
2014,3,"Racing Socks, L",1590.05,1770,9546.2,295
2014,3,"Racing Socks, M",3180.1,1180,6366.1,590
2014,3,"Road-250 Black, 44",432472.95,590,864945.9,295
2014,3,"Road-250 Black, 48",432472.95,295,432472.95,295
2014,3,"Road-250 Black, 52",432472.95,885,1297418.85,295
2014,3,"Road-250 Black, 58",432472.95,295,432472.95,295
2014,3,"Road-250 Red, 58",432472.95,295,432472.95,295
2014,3,"Road-350-W Yellow, 40",602148.1,885,903225.1,590
2014,3,"Road-350-W Yellow, 42",301074.05,590,602151.05,295
2014,3,"Road-350-W Yellow, 44",301074.05,1475,1505376.15,295
2014,3,"Road-350-W Yellow, 48",602148.1,590,602148.1,590
2014,3,"Road-550-W Yellow, 38",198325.55,590,396654.05,295
2014,3,"Road-550-W Yellow, 40",198325.55,885,594979.6,295
2014,3,"Road-550-W Yellow, 42",198325.55,590,396654.05,295
2014,3,"Road-550-W Yellow, 44",198325.55,295,198325.55,295
2014,3,"Road-550-W Yellow, 48",198325.55,1180,793308.1,295
2014,3,"Road-750 Black, 44",95577.05,885,286734.1,295
2014,3,"Road-750 Black, 48",191154.1,885,286734.1,590
2014,3,"Road-750 Black, 52",95577.05,885,286734.1,295
2014,3,"Road-750 Black, 58",95577.05,295,95577.05,295
2014,3,"Short-Sleeve Classic Jersey, L",19110.1,1770,57336.2,590
2014,3,"Short-Sleeve Classic Jersey, XL",28665.15,3540,114675.35,885
2014,3,"Sport-100 Helmet, Red",6192.05,295,6192.05,295
2014,3,"Touring-1000 Blue, 46",421979.8,295,421979.8,295
2014,3,"Touring-1000 Yellow, 46",421979.8,590,843959.6,295
2014,3,"Touring-1000 Yellow, 60",421979.8,885,1265942.35,295
2014,3,"Touring-2000 Blue, 54",215028.45,295,215028.45,295
2014,3,"Touring-3000 Blue, 50",131395.95,295,131395.95,295
2014,3,"Touring-3000 Yellow, 44",131395.95,295,131395.95,295
2014,3,"Touring-3000 Yellow, 62",131395.95,295,131395.95,295
2014,3,"Women's Mountain Shorts, L",14504,2870,114555.2,350
2014,3,"Women's Mountain Shorts, M",24774.1,1475,61941.15,590
2014,3,"Women's Mountain Shorts, S",16892.54,3102,127318.49,406
2014,5,AWC Logo Cap,3180.1,1475,7956.15,590
2014,5,Bike Wash - Dissolver,2814.3,4425,21107.25,590
2014,5,Chain,3581.3,295,3581.3,295
2014,5,"Classic Vest, M",22479,3540,134874,590
2014,5,"Classic Vest, S",15327.63,2696,100267.83,406
2014,5,Front Derailleur,16192.55,590,32388.05,295
2014,5,"Half-Finger Gloves, M",8667.1,885,13003.6,590
2014,5,"Half-Finger Gloves, S",4333.55,590,8670.05,295
2014,5,Hitch Rack - 4-Bike,42480,3540,254880,590
2014,5,HL Bottom Bracket,21502.55,295,21502.55,295
2014,5,HL Crankset,71682.05,1180,286734.1,295
2014,5,"HL Mountain Frame - Silver, 38",241516.5,295,241516.5,295
2014,5,HL Mountain Handlebars,21287.2,2065,149013.35,295
2014,5,HL Mountain Pedal,14334.05,295,14334.05,295
2014,5,HL Mountain Seat/Saddle,9316.1,295,9316.1,295
2014,5,"HL Touring Frame - Blue, 50",177693.25,295,177693.25,295
2014,5,"HL Touring Frame - Blue, 54",177693.25,1180,710767.1,295
2014,5,"HL Touring Frame - Blue, 60",355386.5,2065,1243843.9,590
2014,5,"HL Touring Frame - Yellow, 54",355386.5,1770,1066150.65,590
2014,5,"HL Touring Frame - Yellow, 60",533079.75,1770,1066153.6,885
2014,5,HL Touring Handlebars,48621.9,1180,64829.2,885
2014,5,HL Touring Seat/Saddle,9316.1,885,27951.25,295
2014,5,Hydration Pack - 70 oz.,19464.1,1770,58398.2,590
2014,5,LL Bottom Bracket,9555.05,295,9555.05,295
2014,5,LL Crankset,31060.55,590,62124.05,295
2014,5,"LL Mountain Frame - Black, 44",44211.65,590,88426.25,295
2014,5,"LL Mountain Frame - Black, 48",44211.65,590,88426.25,295
2014,5,"LL Mountain Frame - Silver, 42",46736.85,295,46736.85,295
2014,5,"LL Mountain Frame - Silver, 44",46736.85,295,46736.85,295
2014,5,LL Mountain Pedal,7165.55,1180,28668.1,295
2014,5,LL Mountain Seat/Saddle,4799.65,885,14401.9,295
2014,5,"LL Touring Frame - Blue, 50",59014.75,295,59014.75,295
2014,5,"LL Touring Frame - Yellow, 44",59014.75,590,118029.5,295
2014,5,"LL Touring Frame - Yellow, 50",59014.75,590,118029.5,295
2014,5,"LL Touring Frame - Yellow, 62",118029.5,885,177044.25,590
2014,5,"Long-Sleeve Logo Jersey, L",17694.1,2655,79635.25,590
2014,5,"Long-Sleeve Logo Jersey, M",8847.05,1180,35394.1,295
2014,5,"ML Mountain Frame-W - Silver, 40",64442.75,885,193331.2,295
2014,5,"ML Mountain Frame-W - Silver, 42",64442.75,295,64442.75,295
2014,5,ML Mountain Handlebars,10959.25,295,10959.25,295
2014,5,ML Mountain Pedal,10988.75,590,21980.45,295
2014,5,"Mountain-200 Black, 38",812424.1,885,1218639.1,590
2014,5,"Mountain-200 Black, 42",406212.05,590,812427.05,295
2014,5,"Mountain-200 Black, 46",406212.05,885,1218639.1,295
2014,5,"Mountain-200 Silver, 38",410637.05,1475,2053191.15,295
2014,5,"Mountain-200 Silver, 42",410637.05,295,410637.05,295
2014,5,"Mountain-200 Silver, 46",410637.05,295,410637.05,295
2014,5,"Mountain-400-W Silver, 38",136198.55,295,136198.55,295
2014,5,"Mountain-400-W Silver, 40",136198.55,590,272400.05,295
2014,5,"Mountain-400-W Silver, 42",136198.55,590,272400.05,295
2014,5,"Mountain-500 Black, 40",95577.05,295,95577.05,295
2014,5,"Mountain-500 Black, 44",95577.05,295,95577.05,295
2014,5,"Mountain-500 Silver, 40",791,14,949.2,7
2014,5,"Mountain-500 Silver, 42",791,7,474.6,7
2014,5,"Mountain-500 Silver, 48",791,28,1898.4,7
2014,5,Rear Brakes,37701,885,56551.5,590
2014,5,"Short-Sleeve Classic Jersey, L",19110.1,1770,57336.2,590
2014,5,"Short-Sleeve Classic Jersey, S",9555.05,885,28668.1,295
2014,5,"Short-Sleeve Classic Jersey, XL",19110.1,2655,86007.25,590
2014,5,"Sport-100 Helmet, Black",12384.1,2065,43353.2,590
2014,5,"Sport-100 Helmet, Blue",12384.1,1180,24771.15,590
2014,5,"Sport-100 Helmet, Red",6192.05,885,18579.1,295
2014,5,"Touring-1000 Blue, 46",421979.8,2065,2953861.55,295
2014,5,"Touring-1000 Blue, 50",421979.8,590,843959.6,295
2014,5,"Touring-1000 Blue, 60",843959.6,1475,2109901.95,590
2014,5,"Touring-1000 Yellow, 46",843959.6,1475,2109901.95,590
2014,5,"Touring-1000 Yellow, 50",843959.6,1770,2531881.75,590
2014,5,"Touring-1000 Yellow, 54",421979.8,1180,1687922.15,295
2014,5,"Touring-1000 Yellow, 60",843959.6,2065,2953861.55,590
2014,5,"Touring-2000 Blue, 46",215028.45,295,215028.45,295
2014,5,"Touring-2000 Blue, 54",430056.9,2950,2150284.5,590
2014,5,"Touring-2000 Blue, 60",645085.35,1180,860113.8,885
2014,5,"Touring-3000 Blue, 44",131395.95,295,131395.95,295
2014,5,"Touring-3000 Blue, 50",262791.9,1770,788375.7,590
2014,5,"Touring-3000 Blue, 54",262791.9,590,262791.9,590
2014,5,"Touring-3000 Blue, 58",262791.9,885,394187.85,590
2014,5,"Touring-3000 Yellow, 44",131395.95,590,262791.9,295
2014,5,"Touring-3000 Yellow, 50",262791.9,1770,788375.7,590
2014,5,"Touring-3000 Yellow, 54",262791.9,1180,525583.8,590
2014,5,"Touring-3000 Yellow, 58",131395.95,590,262791.9,295
2014,5,"Touring-3000 Yellow, 62",131395.95,590,262791.9,295
2014,5,Water Bottle - 30 oz.,1764.1,3245,9714.35,590
2014,5,"Women's Mountain Shorts, L",16892.54,2033,82182.92,406
2014,5,"Women's Mountain Shorts, S",24774.1,3835,161046.4,590